{"Candidate":[
{
     "name":"Smith",
    "Agenda":"A\nB\nC\nD\nE",
     "poster":"poster1.jpg",
     "hostel":"Rajiv Bhawan",
     "pic":"pic1.jpg",
    "type": "technical"
},
{
     "name":"David",
    "Agenda":"A\nB\nC\nD\nE",
     "poster":"poster2.jpg",
     "hostel":"Rajiv Bhawan",
     "pic":"pic2.jpg",
  "type": "technical"
},
{
     "name":"Finch",
    "Agenda":"A\nB\nC\nD\nE",
     "poster":"poster3.jpg",
     "hostel":"Rajiv Bhawan",
     "pic":"pic3.jpg",
  "type": "sports"
},
{
     "name":"Starc",
    "Agenda":"A\nB\nC\nD\nE",
     "poster":"poster4.jpg",
     "hostel":"Rajendra Bhawan",
     "pic":"pic4.jpg",
  "type": "technical"
}
]
}
